,MAE,RMSE,MAPE (%),R²
ARIMA,1152.7787639893556,1330.0605230112255,inf,-0.0018958522795491373
HYBRID,1095.9705893524197,1297.018096456769,inf,0.047265608034684714
